budgetID,userID,catID,budgetStartDate,budgetEndDate,budgetLimit,budgetName,budgetDesc,budgetFreq
e5a123b9-cf57-4eab-a670-f3a65f7ab93e,550e8400-e29b-41d4-a716-446655440000,6dab2073-ff40-4704-8a15-0d3593de8c52,2026-06-01,2026-06-30,400.0,Food Budget,Monthly spending on food,monthly
31fa82bf-26da-4ada-ab01-4a01477b971a,550e8400-e29b-41d4-a716-446655440000,26834e16-112d-49cd-bdc2-f5c8c7c1144e,2026-06-01,2026-06-30,120.0,Transport Budget,Public transport spending,monthly
d5423f69-08cf-4445-9267-cf76c0e050fd,86716dc1-061e-4879-bd5b-ab4701d22dc6,e5844fa7-c620-4d55-a4b4-2b4d437950fb,2026-06-01,2026-06-30,100.0,Utilities Budget,Bills and utilities,monthly
13cd2288-611e-4c45-8e2e-c7750aca86a3,bbeb7d1c-4820-481a-84b6-302371fb9a50,26834e16-112d-49cd-bdc2-f5c8c7c1144e,2026-05-31,2026-06-29,100.0,Transport,🚍|,monthly
ca1b80e6-b308-453c-913e-f549eff8bda7,bbeb7d1c-4820-481a-84b6-302371fb9a50,6dab2073-ff40-4704-8a15-0d3593de8c52,2026-06-01,2026-06-30,200.0,Food,🍔|...,monthly
9c5086bb-068d-4fa1-b1ee-bb6f444494f3,bbeb7d1c-4820-481a-84b6-302371fb9a50,e5844fa7-c620-4d55-a4b4-2b4d437950fb,2026-06-01,2026-06-30,50.0,Bills,💡|,monthly
66343114-a46f-40f2-a2dd-fc9029758372,122c0ab9-bd89-4213-a59b-d8c5585a0c5f,6dab2073-ff40-4704-8a15-0d3593de8c52,2026-07-01,2026-07-31,200.0,Food,🍔|testing budget,monthly
4101a3c1-c1ae-4dc2-9983-f711f48acb4a,122c0ab9-bd89-4213-a59b-d8c5585a0c5f,6dab2073-ff40-4704-8a15-0d3593de8c52,2026-07-01,2026-07-31,200.0,Food,🍔|,monthly
e91ea73b-b363-4f4c-ac64-cb850906cb3f,122c0ab9-bd89-4213-a59b-d8c5585a0c5f,26834e16-112d-49cd-bdc2-f5c8c7c1144e,2025-07-10,2025-08-09,152.39,Transport Budget,Monthly transport spending,monthly
ff6b8afb-63e6-4679-91af-11e90a3eb711,122c0ab9-bd89-4213-a59b-d8c5585a0c5f,51efabd6-edc4-48c6-8e69-a4d2cc58ca34,2025-07-10,2025-08-09,113.62,Entertainment Budget,Monthly entertainment spending,monthly
f93bda06-a8a6-4b76-9832-84ffd85f71b1,122c0ab9-bd89-4213-a59b-d8c5585a0c5f,26834e16-112d-49cd-bdc2-f5c8c7c1144e,2025-08-10,2025-09-09,150.67,Transport Budget,Monthly transport spending,monthly
79d10640-a1d3-4cba-8c14-a13303a2b4b5,122c0ab9-bd89-4213-a59b-d8c5585a0c5f,6dab2073-ff40-4704-8a15-0d3593de8c52,2025-08-10,2025-09-09,274.33,Food & Dining Budget,Monthly food & dining spending,monthly
ebf6d433-6678-4ae2-abd1-f7ac6aeedd02,122c0ab9-bd89-4213-a59b-d8c5585a0c5f,e5844fa7-c620-4d55-a4b4-2b4d437950fb,2025-08-10,2025-09-09,178.73,Utilities Budget,Monthly utilities spending,monthly
ef2c25e8-a9dc-4ee9-9363-0a25aae95c47,122c0ab9-bd89-4213-a59b-d8c5585a0c5f,6dab2073-ff40-4704-8a15-0d3593de8c52,2025-09-10,2025-10-09,292.95,Food & Dining Budget,Monthly food & dining spending,monthly
fd8cc658-9004-40cd-8042-dfe53282ce3c,122c0ab9-bd89-4213-a59b-d8c5585a0c5f,26834e16-112d-49cd-bdc2-f5c8c7c1144e,2025-09-10,2025-10-09,105.71,Transport Budget,Monthly transport spending,monthly
e96f7c74-cfbe-4775-a292-a5e2aacba7ea,122c0ab9-bd89-4213-a59b-d8c5585a0c5f,e5844fa7-c620-4d55-a4b4-2b4d437950fb,2025-09-10,2025-10-09,259.48,Utilities Budget,Monthly utilities spending,monthly
a82dc000-612a-4162-9cd2-2a34fe068fa9,122c0ab9-bd89-4213-a59b-d8c5585a0c5f,51efabd6-edc4-48c6-8e69-a4d2cc58ca34,2025-09-10,2025-10-09,119.02,Entertainment Budget,Monthly entertainment spending,monthly
5c245055-6c03-43b0-b853-dba73bb15e04,122c0ab9-bd89-4213-a59b-d8c5585a0c5f,51efabd6-edc4-48c6-8e69-a4d2cc58ca34,2025-10-10,2025-11-09,134.22,Entertainment Budget,Monthly entertainment spending,monthly
ca1bcea8-d769-4463-8627-f8869f2b3939,122c0ab9-bd89-4213-a59b-d8c5585a0c5f,26834e16-112d-49cd-bdc2-f5c8c7c1144e,2025-10-10,2025-11-09,141.2,Transport Budget,Monthly transport spending,monthly
33943c34-9942-4677-bbb6-e4be6ad6751f,122c0ab9-bd89-4213-a59b-d8c5585a0c5f,26834e16-112d-49cd-bdc2-f5c8c7c1144e,2025-11-10,2025-12-09,149.1,Transport Budget,Monthly transport spending,monthly
b1c40366-f5c7-4be5-8efc-ddc7dc3cdc1b,122c0ab9-bd89-4213-a59b-d8c5585a0c5f,6dab2073-ff40-4704-8a15-0d3593de8c52,2025-11-10,2025-12-09,291.59,Food & Dining Budget,Monthly food & dining spending,monthly
b93109b7-4f8e-4b95-a173-51354e846284,122c0ab9-bd89-4213-a59b-d8c5585a0c5f,26834e16-112d-49cd-bdc2-f5c8c7c1144e,2025-12-10,2026-01-09,149.0,Transport Budget,Monthly transport spending,monthly
c109c65f-ec15-4a8e-b7a0-e35d54a121a7,122c0ab9-bd89-4213-a59b-d8c5585a0c5f,51efabd6-edc4-48c6-8e69-a4d2cc58ca34,2025-12-10,2026-01-09,119.46,Entertainment Budget,Monthly entertainment spending,monthly
79165ef6-1871-416a-941b-84f92ad90aa4,122c0ab9-bd89-4213-a59b-d8c5585a0c5f,6dab2073-ff40-4704-8a15-0d3593de8c52,2025-12-10,2026-01-09,236.54,Food & Dining Budget,Monthly food & dining spending,monthly
6cb6a9d8-4f1e-4706-857a-b30dcb67b473,122c0ab9-bd89-4213-a59b-d8c5585a0c5f,e5844fa7-c620-4d55-a4b4-2b4d437950fb,2026-01-10,2026-02-09,232.9,Utilities Budget,Monthly utilities spending,monthly
ba2dc265-68ba-44e4-96a0-a652486f6394,122c0ab9-bd89-4213-a59b-d8c5585a0c5f,26834e16-112d-49cd-bdc2-f5c8c7c1144e,2026-01-10,2026-02-09,113.37,Transport Budget,Monthly transport spending,monthly
66d7bf33-7ce7-4d66-9a88-37327962f637,122c0ab9-bd89-4213-a59b-d8c5585a0c5f,51efabd6-edc4-48c6-8e69-a4d2cc58ca34,2026-01-10,2026-02-09,128.35,Entertainment Budget,Monthly entertainment spending,monthly
766f1429-42c0-45b5-96ba-d77a939e39ba,122c0ab9-bd89-4213-a59b-d8c5585a0c5f,6dab2073-ff40-4704-8a15-0d3593de8c52,2026-01-10,2026-02-09,182.42,Food & Dining Budget,Monthly food & dining spending,monthly
7b86a090-1b94-4def-8460-774cbc997d94,122c0ab9-bd89-4213-a59b-d8c5585a0c5f,6dab2073-ff40-4704-8a15-0d3593de8c52,2026-02-10,2026-03-09,344.31,Food & Dining Budget,Monthly food & dining spending,monthly
8c533246-38ed-437c-a090-290c1aa0ad80,122c0ab9-bd89-4213-a59b-d8c5585a0c5f,26834e16-112d-49cd-bdc2-f5c8c7c1144e,2026-02-10,2026-03-09,155.14,Transport Budget,Monthly transport spending,monthly
59159012-cc09-4fce-9d8e-411551b222dc,122c0ab9-bd89-4213-a59b-d8c5585a0c5f,51efabd6-edc4-48c6-8e69-a4d2cc58ca34,2026-02-10,2026-03-09,115.37,Entertainment Budget,Monthly entertainment spending,monthly
f9e8289d-f44b-4602-aca2-656baa0eb4eb,122c0ab9-bd89-4213-a59b-d8c5585a0c5f,e5844fa7-c620-4d55-a4b4-2b4d437950fb,2026-03-10,2026-04-09,187.96,Utilities Budget,Monthly utilities spending,monthly
a23cb4e0-f6c9-4429-95cd-bd8fb3d2a89f,122c0ab9-bd89-4213-a59b-d8c5585a0c5f,26834e16-112d-49cd-bdc2-f5c8c7c1144e,2026-03-10,2026-04-09,163.82,Transport Budget,Monthly transport spending,monthly
c370dba4-5b5d-45f5-9fd8-c3f58c8675b5,122c0ab9-bd89-4213-a59b-d8c5585a0c5f,51efabd6-edc4-48c6-8e69-a4d2cc58ca34,2026-04-10,2026-05-09,123.44,Entertainment Budget,Monthly entertainment spending,monthly
ef91487d-b961-49ca-8e32-a8f6d5484454,122c0ab9-bd89-4213-a59b-d8c5585a0c5f,6dab2073-ff40-4704-8a15-0d3593de8c52,2026-04-10,2026-05-09,187.46,Food & Dining Budget,Monthly food & dining spending,monthly
eb2a05de-26d0-4f8c-ab02-f539571e4192,122c0ab9-bd89-4213-a59b-d8c5585a0c5f,51efabd6-edc4-48c6-8e69-a4d2cc58ca34,2026-05-10,2026-06-09,65.33,Entertainment Budget,Monthly entertainment spending,monthly
98a2541a-8f9b-4672-92b2-8048d86492ef,122c0ab9-bd89-4213-a59b-d8c5585a0c5f,26834e16-112d-49cd-bdc2-f5c8c7c1144e,2026-05-10,2026-06-09,177.92,Transport Budget,Monthly transport spending,monthly
ecf5f9eb-e9fc-40c1-a9cc-f559d42eaafe,122c0ab9-bd89-4213-a59b-d8c5585a0c5f,e5844fa7-c620-4d55-a4b4-2b4d437950fb,2026-05-10,2026-06-09,227.11,Utilities Budget,Monthly utilities spending,monthly
e58b5a78-0eea-48e9-bb9b-a9cd90ce53ef,122c0ab9-bd89-4213-a59b-d8c5585a0c5f,6dab2073-ff40-4704-8a15-0d3593de8c52,2026-05-10,2026-06-09,341.91,Food & Dining Budget,Monthly food & dining spending,monthly
2c452752-e0f8-42d9-a4a0-6250eb964fb8,122c0ab9-bd89-4213-a59b-d8c5585a0c5f,51efabd6-edc4-48c6-8e69-a4d2cc58ca34,2026-06-10,2026-07-09,126.94,Entertainment Budget,Monthly entertainment spending,monthly
3157a314-a8e1-498b-8e33-c6e103789b77,122c0ab9-bd89-4213-a59b-d8c5585a0c5f,e5844fa7-c620-4d55-a4b4-2b4d437950fb,2026-06-10,2026-07-09,139.67,Utilities Budget,Monthly utilities spending,monthly
b534d1e1-950a-4939-bde4-0d41a0f4220b,122c0ab9-bd89-4213-a59b-d8c5585a0c5f,6dab2073-ff40-4704-8a15-0d3593de8c52,2026-06-10,2026-07-09,365.98,Food & Dining Budget,Monthly food & dining spending,monthly
1a3a915e-bd30-47da-9129-5399945599f4,179c1939-315a-4a3e-9e9a-f7143980496f,26834e16-112d-49cd-bdc2-f5c8c7c1144e,2025-07-10,2025-08-09,178.5,Transport Budget,Monthly transport spending,monthly
85e9f1dc-5166-47c8-9209-a08fe037fdff,179c1939-315a-4a3e-9e9a-f7143980496f,e5844fa7-c620-4d55-a4b4-2b4d437950fb,2025-07-10,2025-08-09,269.06,Utilities Budget,Monthly utilities spending,monthly
bbdc8be6-93c9-47ba-802f-3b9e70da3c1e,179c1939-315a-4a3e-9e9a-f7143980496f,51efabd6-edc4-48c6-8e69-a4d2cc58ca34,2025-07-10,2025-08-09,138.32,Entertainment Budget,Monthly entertainment spending,monthly
33cb9058-0a8d-4079-af98-f05026b4303b,179c1939-315a-4a3e-9e9a-f7143980496f,6dab2073-ff40-4704-8a15-0d3593de8c52,2025-07-10,2025-08-09,198.94,Food & Dining Budget,Monthly food & dining spending,monthly
45925fd9-448c-42ff-b34a-b20dc43fcce8,179c1939-315a-4a3e-9e9a-f7143980496f,e5844fa7-c620-4d55-a4b4-2b4d437950fb,2025-08-10,2025-09-09,218.71,Utilities Budget,Monthly utilities spending,monthly
1c266677-8503-4d67-91e8-a5d07f12d1fe,179c1939-315a-4a3e-9e9a-f7143980496f,51efabd6-edc4-48c6-8e69-a4d2cc58ca34,2025-08-10,2025-09-09,149.44,Entertainment Budget,Monthly entertainment spending,monthly
f2396b8b-e0ca-4613-8d90-863c6a60058c,179c1939-315a-4a3e-9e9a-f7143980496f,6dab2073-ff40-4704-8a15-0d3593de8c52,2025-08-10,2025-09-09,253.22,Food & Dining Budget,Monthly food & dining spending,monthly
b8b4aab6-f920-4e54-beac-6900524cdb1a,179c1939-315a-4a3e-9e9a-f7143980496f,26834e16-112d-49cd-bdc2-f5c8c7c1144e,2025-08-10,2025-09-09,124.68,Transport Budget,Monthly transport spending,monthly
76387aa6-6188-41b4-9af2-91789fcc4386,179c1939-315a-4a3e-9e9a-f7143980496f,51efabd6-edc4-48c6-8e69-a4d2cc58ca34,2025-09-10,2025-10-09,113.98,Entertainment Budget,Monthly entertainment spending,monthly
7f6a6414-3d3c-4b01-a0b3-c783ea57fb1f,179c1939-315a-4a3e-9e9a-f7143980496f,e5844fa7-c620-4d55-a4b4-2b4d437950fb,2025-09-10,2025-10-09,161.38,Utilities Budget,Monthly utilities spending,monthly
5a39dc26-145c-49c3-aea4-fb58feb60cb1,179c1939-315a-4a3e-9e9a-f7143980496f,6dab2073-ff40-4704-8a15-0d3593de8c52,2025-09-10,2025-10-09,309.03,Food & Dining Budget,Monthly food & dining spending,monthly
bccd8f10-9fc7-4857-b373-6fc10ee47921,179c1939-315a-4a3e-9e9a-f7143980496f,26834e16-112d-49cd-bdc2-f5c8c7c1144e,2025-09-10,2025-10-09,146.6,Transport Budget,Monthly transport spending,monthly
0c237a0a-022d-437c-a20d-84bf59b53224,179c1939-315a-4a3e-9e9a-f7143980496f,6dab2073-ff40-4704-8a15-0d3593de8c52,2025-10-10,2025-11-09,253.08,Food & Dining Budget,Monthly food & dining spending,monthly
cfce5114-ac79-448e-ae5b-a9fb3922cb7a,179c1939-315a-4a3e-9e9a-f7143980496f,51efabd6-edc4-48c6-8e69-a4d2cc58ca34,2025-10-10,2025-11-09,136.96,Entertainment Budget,Monthly entertainment spending,monthly
a03cb35b-1bb4-4501-a3dc-abef149ee44f,179c1939-315a-4a3e-9e9a-f7143980496f,51efabd6-edc4-48c6-8e69-a4d2cc58ca34,2025-11-10,2025-12-09,184.92,Entertainment Budget,Monthly entertainment spending,monthly
cb24421a-81dd-4100-8fc9-cd8a1c5ec9f3,179c1939-315a-4a3e-9e9a-f7143980496f,e5844fa7-c620-4d55-a4b4-2b4d437950fb,2025-11-10,2025-12-09,232.95,Utilities Budget,Monthly utilities spending,monthly
98655651-4f77-4953-8455-d1aa66e06bf8,179c1939-315a-4a3e-9e9a-f7143980496f,6dab2073-ff40-4704-8a15-0d3593de8c52,2025-11-10,2025-12-09,317.58,Food & Dining Budget,Monthly food & dining spending,monthly
807626cb-ba85-4308-b5ff-ca2dd2d2b8c9,179c1939-315a-4a3e-9e9a-f7143980496f,26834e16-112d-49cd-bdc2-f5c8c7c1144e,2025-11-10,2025-12-09,176.9,Transport Budget,Monthly transport spending,monthly
2f15d4bd-a81b-48ec-89a1-bcdee03ba6d2,179c1939-315a-4a3e-9e9a-f7143980496f,6dab2073-ff40-4704-8a15-0d3593de8c52,2025-12-10,2026-01-09,211.05,Food & Dining Budget,Monthly food & dining spending,monthly
af13e0c9-132d-4d72-b3ed-fb3b2175dca0,179c1939-315a-4a3e-9e9a-f7143980496f,51efabd6-edc4-48c6-8e69-a4d2cc58ca34,2025-12-10,2026-01-09,110.85,Entertainment Budget,Monthly entertainment spending,monthly
fedb4354-25f7-493d-91d1-2f41ab900cfa,179c1939-315a-4a3e-9e9a-f7143980496f,e5844fa7-c620-4d55-a4b4-2b4d437950fb,2025-12-10,2026-01-09,238.51,Utilities Budget,Monthly utilities spending,monthly
63be7838-d4f9-4f5a-93d2-08a528578560,179c1939-315a-4a3e-9e9a-f7143980496f,51efabd6-edc4-48c6-8e69-a4d2cc58ca34,2026-01-10,2026-02-09,111.61,Entertainment Budget,Monthly entertainment spending,monthly
4dedf901-c133-4b99-8917-873cd79cc81f,179c1939-315a-4a3e-9e9a-f7143980496f,e5844fa7-c620-4d55-a4b4-2b4d437950fb,2026-01-10,2026-02-09,189.67,Utilities Budget,Monthly utilities spending,monthly
e1f0c38c-16cb-40c8-9495-479a45a36b7d,179c1939-315a-4a3e-9e9a-f7143980496f,26834e16-112d-49cd-bdc2-f5c8c7c1144e,2026-01-10,2026-02-09,163.83,Transport Budget,Monthly transport spending,monthly
78a86cf7-d602-48ba-8fd5-309b546a64e7,179c1939-315a-4a3e-9e9a-f7143980496f,6dab2073-ff40-4704-8a15-0d3593de8c52,2026-02-10,2026-03-09,219.04,Food & Dining Budget,Monthly food & dining spending,monthly
394ceb79-df14-4e55-be63-adaa496a0abe,179c1939-315a-4a3e-9e9a-f7143980496f,e5844fa7-c620-4d55-a4b4-2b4d437950fb,2026-02-10,2026-03-09,159.24,Utilities Budget,Monthly utilities spending,monthly
6b1e3b96-d092-4258-b6a5-04376c5e1360,179c1939-315a-4a3e-9e9a-f7143980496f,26834e16-112d-49cd-bdc2-f5c8c7c1144e,2026-02-10,2026-03-09,153.81,Transport Budget,Monthly transport spending,monthly
720862e9-a513-44f1-83bf-0480c7f878c9,179c1939-315a-4a3e-9e9a-f7143980496f,51efabd6-edc4-48c6-8e69-a4d2cc58ca34,2026-02-10,2026-03-09,70.02,Entertainment Budget,Monthly entertainment spending,monthly
1498fa7b-6080-4012-98ff-c5e292298d7f,179c1939-315a-4a3e-9e9a-f7143980496f,51efabd6-edc4-48c6-8e69-a4d2cc58ca34,2026-03-10,2026-04-09,83.72,Entertainment Budget,Monthly entertainment spending,monthly
adf5bf5f-d6e4-4703-a753-a44180532ffb,179c1939-315a-4a3e-9e9a-f7143980496f,6dab2073-ff40-4704-8a15-0d3593de8c52,2026-03-10,2026-04-09,250.96,Food & Dining Budget,Monthly food & dining spending,monthly
892153ed-2886-43ae-91c3-beae3701628d,179c1939-315a-4a3e-9e9a-f7143980496f,e5844fa7-c620-4d55-a4b4-2b4d437950fb,2026-03-10,2026-04-09,180.68,Utilities Budget,Monthly utilities spending,monthly
8f860089-c915-45b5-9b5b-eddde500894b,179c1939-315a-4a3e-9e9a-f7143980496f,6dab2073-ff40-4704-8a15-0d3593de8c52,2026-04-10,2026-05-09,265.81,Food & Dining Budget,Monthly food & dining spending,monthly
65957e4f-4f0c-4214-93ef-d2157b91172f,179c1939-315a-4a3e-9e9a-f7143980496f,51efabd6-edc4-48c6-8e69-a4d2cc58ca34,2026-04-10,2026-05-09,119.26,Entertainment Budget,Monthly entertainment spending,monthly
d9a3f0f1-46b4-492c-93a9-0c45466fc883,179c1939-315a-4a3e-9e9a-f7143980496f,6dab2073-ff40-4704-8a15-0d3593de8c52,2026-05-10,2026-06-09,199.59,Food & Dining Budget,Monthly food & dining spending,monthly
875c7f17-3cb3-4ae6-9e94-b9f40b14d764,179c1939-315a-4a3e-9e9a-f7143980496f,51efabd6-edc4-48c6-8e69-a4d2cc58ca34,2026-05-10,2026-06-09,124.09,Entertainment Budget,Monthly entertainment spending,monthly
b6d40c02-006c-4209-8dc7-5fd55de1dec7,179c1939-315a-4a3e-9e9a-f7143980496f,6dab2073-ff40-4704-8a15-0d3593de8c52,2026-06-10,2026-07-09,274.04,Food & Dining Budget,Monthly food & dining spending,monthly
99741c01-bb92-475b-8610-681cb64d7b87,179c1939-315a-4a3e-9e9a-f7143980496f,26834e16-112d-49cd-bdc2-f5c8c7c1144e,2026-06-10,2026-07-09,164.33,Transport Budget,Monthly transport spending,monthly
0c4adaca-e65b-4e6f-b563-25b71f50d1e8,179c1939-315a-4a3e-9e9a-f7143980496f,51efabd6-edc4-48c6-8e69-a4d2cc58ca34,2026-06-10,2026-07-09,109.64,Entertainment Budget,Monthly entertainment spending,monthly
a90faf1b-0bf1-48aa-8ad0-8b3c28095340,550e8400-e29b-41d4-a716-446655440000,6dab2073-ff40-4704-8a15-0d3593de8c52,2025-07-10,2025-08-09,320.39,Food & Dining Budget,Monthly food & dining spending,monthly
7d883107-c7df-4b81-9b13-852d7e11cd73,550e8400-e29b-41d4-a716-446655440000,26834e16-112d-49cd-bdc2-f5c8c7c1144e,2025-07-10,2025-08-09,149.78,Transport Budget,Monthly transport spending,monthly
c002b634-5dc3-4abd-9414-25a2943f76fa,550e8400-e29b-41d4-a716-446655440000,e5844fa7-c620-4d55-a4b4-2b4d437950fb,2025-07-10,2025-08-09,230.69,Utilities Budget,Monthly utilities spending,monthly
8803ccea-b289-4137-b56e-ec2fb6bfce4d,550e8400-e29b-41d4-a716-446655440000,51efabd6-edc4-48c6-8e69-a4d2cc58ca34,2025-07-10,2025-08-09,74.01,Entertainment Budget,Monthly entertainment spending,monthly
90b3cdab-9262-4f98-b3ed-bd73d4e2037c,550e8400-e29b-41d4-a716-446655440000,51efabd6-edc4-48c6-8e69-a4d2cc58ca34,2025-08-10,2025-09-09,87.93,Entertainment Budget,Monthly entertainment spending,monthly
6ae138cd-ef0d-46f5-882c-dd0b66cf64f4,550e8400-e29b-41d4-a716-446655440000,26834e16-112d-49cd-bdc2-f5c8c7c1144e,2025-08-10,2025-09-09,191.52,Transport Budget,Monthly transport spending,monthly
19fecb2e-4e0e-419f-b628-b63664168614,550e8400-e29b-41d4-a716-446655440000,6dab2073-ff40-4704-8a15-0d3593de8c52,2025-08-10,2025-09-09,384.31,Food & Dining Budget,Monthly food & dining spending,monthly
3d071f56-e750-490b-b543-0b4a2f9a0586,550e8400-e29b-41d4-a716-446655440000,e5844fa7-c620-4d55-a4b4-2b4d437950fb,2025-08-10,2025-09-09,255.69,Utilities Budget,Monthly utilities spending,monthly
184d10cb-bb40-4542-9f9a-e293a430791a,550e8400-e29b-41d4-a716-446655440000,51efabd6-edc4-48c6-8e69-a4d2cc58ca34,2025-09-10,2025-10-09,80.38,Entertainment Budget,Monthly entertainment spending,monthly
8caa64a1-baf0-4cdb-9088-a81569079a9a,550e8400-e29b-41d4-a716-446655440000,e5844fa7-c620-4d55-a4b4-2b4d437950fb,2025-09-10,2025-10-09,177.35,Utilities Budget,Monthly utilities spending,monthly
5a5d5c24-a5ff-45d2-8bf1-38b1f910a502,550e8400-e29b-41d4-a716-446655440000,26834e16-112d-49cd-bdc2-f5c8c7c1144e,2025-09-10,2025-10-09,152.99,Transport Budget,Monthly transport spending,monthly
40af8c3e-9a6d-449f-816d-ecc00df77aeb,550e8400-e29b-41d4-a716-446655440000,6dab2073-ff40-4704-8a15-0d3593de8c52,2025-09-10,2025-10-09,269.79,Food & Dining Budget,Monthly food & dining spending,monthly
d230cea6-9ce9-4fba-ada6-fab830166ec1,550e8400-e29b-41d4-a716-446655440000,26834e16-112d-49cd-bdc2-f5c8c7c1144e,2025-10-10,2025-11-09,103.48,Transport Budget,Monthly transport spending,monthly
a6f686ca-4904-4bb8-b493-ab80ef092da2,550e8400-e29b-41d4-a716-446655440000,51efabd6-edc4-48c6-8e69-a4d2cc58ca34,2025-10-10,2025-11-09,122.74,Entertainment Budget,Monthly entertainment spending,monthly
50744151-d2e8-4e8a-a0d2-4dd52080d721,550e8400-e29b-41d4-a716-446655440000,6dab2073-ff40-4704-8a15-0d3593de8c52,2025-10-10,2025-11-09,236.26,Food & Dining Budget,Monthly food & dining spending,monthly
a6a07729-5bb9-4c5d-8d31-366e32540142,550e8400-e29b-41d4-a716-446655440000,e5844fa7-c620-4d55-a4b4-2b4d437950fb,2025-10-10,2025-11-09,218.94,Utilities Budget,Monthly utilities spending,monthly
f36f4a80-889d-4784-9f73-33b672529ce3,550e8400-e29b-41d4-a716-446655440000,26834e16-112d-49cd-bdc2-f5c8c7c1144e,2025-11-10,2025-12-09,164.46,Transport Budget,Monthly transport spending,monthly
36a33e95-063d-41b8-ba18-75bdb5153ff2,550e8400-e29b-41d4-a716-446655440000,51efabd6-edc4-48c6-8e69-a4d2cc58ca34,2025-11-10,2025-12-09,157.06,Entertainment Budget,Monthly entertainment spending,monthly
a2bc2351-7fa6-4e2e-989a-1e8260c2f1d8,550e8400-e29b-41d4-a716-446655440000,6dab2073-ff40-4704-8a15-0d3593de8c52,2025-12-10,2026-01-09,412.34,Food & Dining Budget,Monthly food & dining spending,monthly
5106ed1e-97f7-48e4-9e4a-fe6890027d78,550e8400-e29b-41d4-a716-446655440000,e5844fa7-c620-4d55-a4b4-2b4d437950fb,2025-12-10,2026-01-09,215.85,Utilities Budget,Monthly utilities spending,monthly
46dbbf42-9dde-46e8-a93e-207b697b3433,550e8400-e29b-41d4-a716-446655440000,26834e16-112d-49cd-bdc2-f5c8c7c1144e,2026-01-10,2026-02-09,190.92,Transport Budget,Monthly transport spending,monthly
cd709b0f-6eaf-4f15-8a60-498f29ef81fd,550e8400-e29b-41d4-a716-446655440000,6dab2073-ff40-4704-8a15-0d3593de8c52,2026-01-10,2026-02-09,452.35,Food & Dining Budget,Monthly food & dining spending,monthly
5fb44f05-d289-4664-8931-4e53e772cb0d,550e8400-e29b-41d4-a716-446655440000,51efabd6-edc4-48c6-8e69-a4d2cc58ca34,2026-01-10,2026-02-09,107.02,Entertainment Budget,Monthly entertainment spending,monthly
62359d33-15b8-4abe-88c5-d5f5ae084541,550e8400-e29b-41d4-a716-446655440000,e5844fa7-c620-4d55-a4b4-2b4d437950fb,2026-01-10,2026-02-09,191.77,Utilities Budget,Monthly utilities spending,monthly
4cc62b9a-fb1f-43ef-a4a6-90d4ddd88858,550e8400-e29b-41d4-a716-446655440000,51efabd6-edc4-48c6-8e69-a4d2cc58ca34,2026-02-10,2026-03-09,70.52,Entertainment Budget,Monthly entertainment spending,monthly
d4dbeb90-abd6-498f-b0ed-1936f981a8a2,550e8400-e29b-41d4-a716-446655440000,e5844fa7-c620-4d55-a4b4-2b4d437950fb,2026-02-10,2026-03-09,147.18,Utilities Budget,Monthly utilities spending,monthly
a13ccab8-070b-422c-8f12-53aa6b30ef33,550e8400-e29b-41d4-a716-446655440000,26834e16-112d-49cd-bdc2-f5c8c7c1144e,2026-03-10,2026-04-09,175.62,Transport Budget,Monthly transport spending,monthly
6b901e9e-0c2b-4454-9f2f-1e373610bfa7,550e8400-e29b-41d4-a716-446655440000,6dab2073-ff40-4704-8a15-0d3593de8c52,2026-03-10,2026-04-09,407.32,Food & Dining Budget,Monthly food & dining spending,monthly
08bf25db-1a30-4e3f-8964-2e4b5de75fec,550e8400-e29b-41d4-a716-446655440000,51efabd6-edc4-48c6-8e69-a4d2cc58ca34,2026-03-10,2026-04-09,142.68,Entertainment Budget,Monthly entertainment spending,monthly
8121b5fa-c7c8-4f51-85a6-24444c67967c,550e8400-e29b-41d4-a716-446655440000,e5844fa7-c620-4d55-a4b4-2b4d437950fb,2026-03-10,2026-04-09,193.42,Utilities Budget,Monthly utilities spending,monthly
9fed8bc2-fa6e-4014-a07f-ebc5ec8fbfdc,550e8400-e29b-41d4-a716-446655440000,e5844fa7-c620-4d55-a4b4-2b4d437950fb,2026-04-10,2026-05-09,194.28,Utilities Budget,Monthly utilities spending,monthly
c7e3e475-e29c-4f34-8814-65117e979396,550e8400-e29b-41d4-a716-446655440000,6dab2073-ff40-4704-8a15-0d3593de8c52,2026-04-10,2026-05-09,183.93,Food & Dining Budget,Monthly food & dining spending,monthly
999cc9d9-51e7-4e51-9b65-a83917089e3f,550e8400-e29b-41d4-a716-446655440000,51efabd6-edc4-48c6-8e69-a4d2cc58ca34,2026-05-10,2026-06-09,66.8,Entertainment Budget,Monthly entertainment spending,monthly
9f59f33a-49c1-41a1-9f4e-2b217c794d61,550e8400-e29b-41d4-a716-446655440000,6dab2073-ff40-4704-8a15-0d3593de8c52,2026-05-10,2026-06-09,298.48,Food & Dining Budget,Monthly food & dining spending,monthly
27f8fdf0-19e8-4a90-9d17-23c67ef9547c,550e8400-e29b-41d4-a716-446655440000,26834e16-112d-49cd-bdc2-f5c8c7c1144e,2026-05-10,2026-06-09,190.3,Transport Budget,Monthly transport spending,monthly
6fc12ea5-9cad-4a7c-a7d3-788f89044c1b,550e8400-e29b-41d4-a716-446655440000,e5844fa7-c620-4d55-a4b4-2b4d437950fb,2026-05-10,2026-06-09,170.62,Utilities Budget,Monthly utilities spending,monthly
91a34890-3a18-4bee-9478-81a886ce5d6c,550e8400-e29b-41d4-a716-446655440000,6dab2073-ff40-4704-8a15-0d3593de8c52,2026-06-10,2026-07-09,285.28,Food & Dining Budget,Monthly food & dining spending,monthly
2705927a-c65b-4531-b191-dad9ba1adf10,550e8400-e29b-41d4-a716-446655440000,51efabd6-edc4-48c6-8e69-a4d2cc58ca34,2026-06-10,2026-07-09,89.85,Entertainment Budget,Monthly entertainment spending,monthly
d9a92107-b8f9-43c6-972a-991addd73795,550e8400-e29b-41d4-a716-446655440000,e5844fa7-c620-4d55-a4b4-2b4d437950fb,2026-06-10,2026-07-09,164.42,Utilities Budget,Monthly utilities spending,monthly
5721eb73-decf-4ef8-96e9-ed4c57c4aaa3,550e8400-e29b-41d4-a716-446655440000,26834e16-112d-49cd-bdc2-f5c8c7c1144e,2026-06-10,2026-07-09,125.53,Transport Budget,Monthly transport spending,monthly
dc90b698-71ed-4c40-8f49-a3ac254ce990,5e474781-79a2-456f-a011-d63ab8c3917c,e5844fa7-c620-4d55-a4b4-2b4d437950fb,2025-07-10,2025-08-09,211.07,Utilities Budget,Monthly utilities spending,monthly
11fec23b-2fb6-45be-a76f-0385d611d936,5e474781-79a2-456f-a011-d63ab8c3917c,6dab2073-ff40-4704-8a15-0d3593de8c52,2025-07-10,2025-08-09,349.63,Food & Dining Budget,Monthly food & dining spending,monthly
7a0235b3-5dab-40b0-a9b1-f02e3b87b511,5e474781-79a2-456f-a011-d63ab8c3917c,26834e16-112d-49cd-bdc2-f5c8c7c1144e,2025-07-10,2025-08-09,150.39,Transport Budget,Monthly transport spending,monthly
c7af16f4-4140-436a-adff-44559b3b82f8,5e474781-79a2-456f-a011-d63ab8c3917c,51efabd6-edc4-48c6-8e69-a4d2cc58ca34,2025-08-10,2025-09-09,178.14,Entertainment Budget,Monthly entertainment spending,monthly
64ac1bc0-c2bc-4d6a-b018-4e17706a321a,5e474781-79a2-456f-a011-d63ab8c3917c,6dab2073-ff40-4704-8a15-0d3593de8c52,2025-08-10,2025-09-09,299.72,Food & Dining Budget,Monthly food & dining spending,monthly
b13903e5-26de-40b1-94f3-2c86c1ba1f89,5e474781-79a2-456f-a011-d63ab8c3917c,26834e16-112d-49cd-bdc2-f5c8c7c1144e,2025-08-10,2025-09-09,102.88,Transport Budget,Monthly transport spending,monthly
ca11450a-6b06-4d08-9b80-da4c6265fc2d,5e474781-79a2-456f-a011-d63ab8c3917c,e5844fa7-c620-4d55-a4b4-2b4d437950fb,2025-08-10,2025-09-09,259.19,Utilities Budget,Monthly utilities spending,monthly
a902f9ae-ef70-4594-b48d-dd7b5e890792,5e474781-79a2-456f-a011-d63ab8c3917c,6dab2073-ff40-4704-8a15-0d3593de8c52,2025-09-10,2025-10-09,323.81,Food & Dining Budget,Monthly food & dining spending,monthly
900fbf8b-2ade-45e8-8d8b-40b538b4b12f,5e474781-79a2-456f-a011-d63ab8c3917c,26834e16-112d-49cd-bdc2-f5c8c7c1144e,2025-09-10,2025-10-09,168.21,Transport Budget,Monthly transport spending,monthly
ae1d245c-61c5-4a49-aea5-50a3123f9cd2,5e474781-79a2-456f-a011-d63ab8c3917c,51efabd6-edc4-48c6-8e69-a4d2cc58ca34,2025-10-10,2025-11-09,106.04,Entertainment Budget,Monthly entertainment spending,monthly
3573229d-2d54-44e4-a1f4-86aefe3f756e,5e474781-79a2-456f-a011-d63ab8c3917c,6dab2073-ff40-4704-8a15-0d3593de8c52,2025-10-10,2025-11-09,427.13,Food & Dining Budget,Monthly food & dining spending,monthly
accffdc9-cfef-4901-b096-fdd577bca28b,5e474781-79a2-456f-a011-d63ab8c3917c,51efabd6-edc4-48c6-8e69-a4d2cc58ca34,2025-11-10,2025-12-09,181.86,Entertainment Budget,Monthly entertainment spending,monthly
b7d2d47f-a493-4ebd-b1b6-1015d3120683,5e474781-79a2-456f-a011-d63ab8c3917c,26834e16-112d-49cd-bdc2-f5c8c7c1144e,2025-11-10,2025-12-09,181.37,Transport Budget,Monthly transport spending,monthly
5f2de8b5-9a24-4f1f-837b-d049a2d53c38,5e474781-79a2-456f-a011-d63ab8c3917c,6dab2073-ff40-4704-8a15-0d3593de8c52,2025-12-10,2026-01-09,279.47,Food & Dining Budget,Monthly food & dining spending,monthly
a2dbf943-d6ab-4c3b-9f5c-538ad1fb59a5,5e474781-79a2-456f-a011-d63ab8c3917c,26834e16-112d-49cd-bdc2-f5c8c7c1144e,2025-12-10,2026-01-09,182.89,Transport Budget,Monthly transport spending,monthly
b41b9df1-6fb8-4491-b3f5-2100aecac91c,5e474781-79a2-456f-a011-d63ab8c3917c,51efabd6-edc4-48c6-8e69-a4d2cc58ca34,2025-12-10,2026-01-09,106.58,Entertainment Budget,Monthly entertainment spending,monthly
c08a3b82-6b4a-4844-bd2b-827e0051057b,5e474781-79a2-456f-a011-d63ab8c3917c,e5844fa7-c620-4d55-a4b4-2b4d437950fb,2025-12-10,2026-01-09,225.4,Utilities Budget,Monthly utilities spending,monthly
4965e17a-bb62-43a6-aa32-32bd21ae556a,5e474781-79a2-456f-a011-d63ab8c3917c,e5844fa7-c620-4d55-a4b4-2b4d437950fb,2026-01-10,2026-02-09,156.79,Utilities Budget,Monthly utilities spending,monthly
29fa9010-a825-4901-bc85-552f956af3e8,5e474781-79a2-456f-a011-d63ab8c3917c,26834e16-112d-49cd-bdc2-f5c8c7c1144e,2026-01-10,2026-02-09,119.24,Transport Budget,Monthly transport spending,monthly
ab8ed3de-0b9c-4564-bd39-23d4f5b07e7f,5e474781-79a2-456f-a011-d63ab8c3917c,6dab2073-ff40-4704-8a15-0d3593de8c52,2026-01-10,2026-02-09,229.02,Food & Dining Budget,Monthly food & dining spending,monthly
c350a605-4d6c-446c-b736-da1e9a3a600b,5e474781-79a2-456f-a011-d63ab8c3917c,51efabd6-edc4-48c6-8e69-a4d2cc58ca34,2026-01-10,2026-02-09,137.99,Entertainment Budget,Monthly entertainment spending,monthly
0ce7e744-c70f-4f22-b90a-4eb4c6f99919,5e474781-79a2-456f-a011-d63ab8c3917c,e5844fa7-c620-4d55-a4b4-2b4d437950fb,2026-02-10,2026-03-09,271.16,Utilities Budget,Monthly utilities spending,monthly
c94a9588-4b7d-4474-8a26-c56d82b2cf54,5e474781-79a2-456f-a011-d63ab8c3917c,26834e16-112d-49cd-bdc2-f5c8c7c1144e,2026-02-10,2026-03-09,169.7,Transport Budget,Monthly transport spending,monthly
bb5960bc-36ea-4505-82ce-7b8bbdc71b10,5e474781-79a2-456f-a011-d63ab8c3917c,51efabd6-edc4-48c6-8e69-a4d2cc58ca34,2026-02-10,2026-03-09,62.56,Entertainment Budget,Monthly entertainment spending,monthly
f1800967-6aea-4f02-b46d-208125ec31c1,5e474781-79a2-456f-a011-d63ab8c3917c,e5844fa7-c620-4d55-a4b4-2b4d437950fb,2026-03-10,2026-04-09,222.84,Utilities Budget,Monthly utilities spending,monthly
2182f887-4708-4d81-9b8f-89b40fa2b5ce,5e474781-79a2-456f-a011-d63ab8c3917c,51efabd6-edc4-48c6-8e69-a4d2cc58ca34,2026-03-10,2026-04-09,165.42,Entertainment Budget,Monthly entertainment spending,monthly
e43691b9-6588-4724-9a3e-c74f87737c98,5e474781-79a2-456f-a011-d63ab8c3917c,26834e16-112d-49cd-bdc2-f5c8c7c1144e,2026-03-10,2026-04-09,178.62,Transport Budget,Monthly transport spending,monthly
f17a4a8e-607e-4d62-8123-0d3e038e846f,5e474781-79a2-456f-a011-d63ab8c3917c,26834e16-112d-49cd-bdc2-f5c8c7c1144e,2026-04-10,2026-05-09,169.54,Transport Budget,Monthly transport spending,monthly
ee62324d-e6aa-4fe6-877f-7a2f9617350c,5e474781-79a2-456f-a011-d63ab8c3917c,51efabd6-edc4-48c6-8e69-a4d2cc58ca34,2026-04-10,2026-05-09,57.58,Entertainment Budget,Monthly entertainment spending,monthly
e1fc4c87-e42e-4451-949b-0d64a85eb990,5e474781-79a2-456f-a011-d63ab8c3917c,e5844fa7-c620-4d55-a4b4-2b4d437950fb,2026-04-10,2026-05-09,280.01,Utilities Budget,Monthly utilities spending,monthly
ac24d27c-629e-419b-aa16-7a8876f7c4d8,5e474781-79a2-456f-a011-d63ab8c3917c,6dab2073-ff40-4704-8a15-0d3593de8c52,2026-04-10,2026-05-09,227.99,Food & Dining Budget,Monthly food & dining spending,monthly
c7fb53b2-71b1-41e4-9907-ac7fed98ed8c,5e474781-79a2-456f-a011-d63ab8c3917c,e5844fa7-c620-4d55-a4b4-2b4d437950fb,2026-05-10,2026-06-09,248.06,Utilities Budget,Monthly utilities spending,monthly
d28c1ac1-73d3-4234-9658-96f3fdeb3cc4,5e474781-79a2-456f-a011-d63ab8c3917c,26834e16-112d-49cd-bdc2-f5c8c7c1144e,2026-05-10,2026-06-09,154.5,Transport Budget,Monthly transport spending,monthly
74704a37-e6bc-4a56-9210-89e157eec971,5e474781-79a2-456f-a011-d63ab8c3917c,51efabd6-edc4-48c6-8e69-a4d2cc58ca34,2026-05-10,2026-06-09,125.64,Entertainment Budget,Monthly entertainment spending,monthly
5d5cf174-f042-4bfb-bca2-e2eee95b05c9,5e474781-79a2-456f-a011-d63ab8c3917c,26834e16-112d-49cd-bdc2-f5c8c7c1144e,2026-06-10,2026-07-09,160.63,Transport Budget,Monthly transport spending,monthly
1c57e0e2-ede6-432d-a59a-9e2cbb47d010,5e474781-79a2-456f-a011-d63ab8c3917c,6dab2073-ff40-4704-8a15-0d3593de8c52,2026-06-10,2026-07-09,187.18,Food & Dining Budget,Monthly food & dining spending,monthly
6cb599dc-b11c-4f25-b11a-f480e58d3c14,86716dc1-061e-4879-bd5b-ab4701d22dc6,6dab2073-ff40-4704-8a15-0d3593de8c52,2025-07-10,2025-08-09,332.97,Food & Dining Budget,Monthly food & dining spending,monthly
c2692b60-e199-4a1d-bb3c-a7a0ab63b77c,86716dc1-061e-4879-bd5b-ab4701d22dc6,51efabd6-edc4-48c6-8e69-a4d2cc58ca34,2025-07-10,2025-08-09,69.17,Entertainment Budget,Monthly entertainment spending,monthly
60e789be-279a-4f9d-9331-e7dcbbe4ba7d,86716dc1-061e-4879-bd5b-ab4701d22dc6,6dab2073-ff40-4704-8a15-0d3593de8c52,2025-08-10,2025-09-09,254.07,Food & Dining Budget,Monthly food & dining spending,monthly
c533662f-ea2d-4f72-b97e-a4bde808f07e,86716dc1-061e-4879-bd5b-ab4701d22dc6,e5844fa7-c620-4d55-a4b4-2b4d437950fb,2025-08-10,2025-09-09,216.89,Utilities Budget,Monthly utilities spending,monthly
62799a52-745c-4d36-a0a3-4599c5279ecb,86716dc1-061e-4879-bd5b-ab4701d22dc6,51efabd6-edc4-48c6-8e69-a4d2cc58ca34,2025-08-10,2025-09-09,67.68,Entertainment Budget,Monthly entertainment spending,monthly
89d090d1-6fcb-407f-936a-3e631030787a,86716dc1-061e-4879-bd5b-ab4701d22dc6,e5844fa7-c620-4d55-a4b4-2b4d437950fb,2025-09-10,2025-10-09,120.38,Utilities Budget,Monthly utilities spending,monthly
89855afc-d077-49af-9792-056cfc1b6ae8,86716dc1-061e-4879-bd5b-ab4701d22dc6,26834e16-112d-49cd-bdc2-f5c8c7c1144e,2025-09-10,2025-10-09,203.44,Transport Budget,Monthly transport spending,monthly
e323a110-f35a-4164-a595-582f386ad8c1,86716dc1-061e-4879-bd5b-ab4701d22dc6,51efabd6-edc4-48c6-8e69-a4d2cc58ca34,2025-09-10,2025-10-09,92.9,Entertainment Budget,Monthly entertainment spending,monthly
f9a46e36-d671-4b2e-adcc-da3d3e429061,86716dc1-061e-4879-bd5b-ab4701d22dc6,6dab2073-ff40-4704-8a15-0d3593de8c52,2025-10-10,2025-11-09,207.07,Food & Dining Budget,Monthly food & dining spending,monthly
8054d945-265f-444d-9c5d-efe2bd411a91,86716dc1-061e-4879-bd5b-ab4701d22dc6,26834e16-112d-49cd-bdc2-f5c8c7c1144e,2025-10-10,2025-11-09,139.71,Transport Budget,Monthly transport spending,monthly
a212bc5d-5916-4792-b180-e3d0d5afa89f,86716dc1-061e-4879-bd5b-ab4701d22dc6,6dab2073-ff40-4704-8a15-0d3593de8c52,2025-11-10,2025-12-09,311.03,Food & Dining Budget,Monthly food & dining spending,monthly
94412543-fc39-49b4-8fc7-5287058eb1fe,86716dc1-061e-4879-bd5b-ab4701d22dc6,51efabd6-edc4-48c6-8e69-a4d2cc58ca34,2025-11-10,2025-12-09,143.12,Entertainment Budget,Monthly entertainment spending,monthly
fc92caa3-2ba8-4437-ba8b-fb7f18276fe4,86716dc1-061e-4879-bd5b-ab4701d22dc6,26834e16-112d-49cd-bdc2-f5c8c7c1144e,2025-11-10,2025-12-09,214.04,Transport Budget,Monthly transport spending,monthly
534cb361-3668-4677-a503-f26bf08fa1e9,86716dc1-061e-4879-bd5b-ab4701d22dc6,e5844fa7-c620-4d55-a4b4-2b4d437950fb,2025-12-10,2026-01-09,209.07,Utilities Budget,Monthly utilities spending,monthly
4628ed87-3572-4602-8add-b050c4a4b66c,86716dc1-061e-4879-bd5b-ab4701d22dc6,6dab2073-ff40-4704-8a15-0d3593de8c52,2025-12-10,2026-01-09,305.19,Food & Dining Budget,Monthly food & dining spending,monthly
70a993db-3b66-49bf-adbf-013c76ef9aa3,86716dc1-061e-4879-bd5b-ab4701d22dc6,6dab2073-ff40-4704-8a15-0d3593de8c52,2026-01-10,2026-02-09,264.43,Food & Dining Budget,Monthly food & dining spending,monthly
4edaf024-da1f-4055-927e-cc612fcaea29,86716dc1-061e-4879-bd5b-ab4701d22dc6,e5844fa7-c620-4d55-a4b4-2b4d437950fb,2026-01-10,2026-02-09,172.8,Utilities Budget,Monthly utilities spending,monthly
0e9d20a2-0038-49df-8fa0-548a456422dc,86716dc1-061e-4879-bd5b-ab4701d22dc6,51efabd6-edc4-48c6-8e69-a4d2cc58ca34,2026-01-10,2026-02-09,109.46,Entertainment Budget,Monthly entertainment spending,monthly
fa649c0e-648e-4c82-aef3-9198b0d4a625,86716dc1-061e-4879-bd5b-ab4701d22dc6,26834e16-112d-49cd-bdc2-f5c8c7c1144e,2026-01-10,2026-02-09,141.58,Transport Budget,Monthly transport spending,monthly
b8af851f-9bd9-4ef4-a9a8-dacea1d38a6d,86716dc1-061e-4879-bd5b-ab4701d22dc6,6dab2073-ff40-4704-8a15-0d3593de8c52,2026-02-10,2026-03-09,263.76,Food & Dining Budget,Monthly food & dining spending,monthly
88549e64-b3e2-464f-9e31-1fad9777b10f,86716dc1-061e-4879-bd5b-ab4701d22dc6,51efabd6-edc4-48c6-8e69-a4d2cc58ca34,2026-02-10,2026-03-09,98.03,Entertainment Budget,Monthly entertainment spending,monthly
9243787e-f72f-4222-af31-0a7182c0f9b5,86716dc1-061e-4879-bd5b-ab4701d22dc6,26834e16-112d-49cd-bdc2-f5c8c7c1144e,2026-02-10,2026-03-09,182.9,Transport Budget,Monthly transport spending,monthly
020a063c-0d38-43a2-8a55-080fc77a4fab,86716dc1-061e-4879-bd5b-ab4701d22dc6,e5844fa7-c620-4d55-a4b4-2b4d437950fb,2026-03-10,2026-04-09,187.02,Utilities Budget,Monthly utilities spending,monthly
37a48a4d-b3b3-4d2d-8891-ec8a7be84d7b,86716dc1-061e-4879-bd5b-ab4701d22dc6,6dab2073-ff40-4704-8a15-0d3593de8c52,2026-03-10,2026-04-09,331.48,Food & Dining Budget,Monthly food & dining spending,monthly
49a8cd00-dfaf-4d38-bff4-a7a749525955,86716dc1-061e-4879-bd5b-ab4701d22dc6,26834e16-112d-49cd-bdc2-f5c8c7c1144e,2026-03-10,2026-04-09,245.61,Transport Budget,Monthly transport spending,monthly
9d0b8882-2022-4794-b9cb-32e63ec36f63,86716dc1-061e-4879-bd5b-ab4701d22dc6,26834e16-112d-49cd-bdc2-f5c8c7c1144e,2026-04-10,2026-05-09,152.52,Transport Budget,Monthly transport spending,monthly
4848c3ea-6bc4-4c5b-8f07-f02c5e37dcaf,86716dc1-061e-4879-bd5b-ab4701d22dc6,51efabd6-edc4-48c6-8e69-a4d2cc58ca34,2026-04-10,2026-05-09,122.79,Entertainment Budget,Monthly entertainment spending,monthly
4fb8cb2d-c55f-4010-adeb-9635b4aa671d,86716dc1-061e-4879-bd5b-ab4701d22dc6,6dab2073-ff40-4704-8a15-0d3593de8c52,2026-05-10,2026-06-09,276.88,Food & Dining Budget,Monthly food & dining spending,monthly
1990d07b-cfb2-4d77-9573-17618345a23e,86716dc1-061e-4879-bd5b-ab4701d22dc6,26834e16-112d-49cd-bdc2-f5c8c7c1144e,2026-05-10,2026-06-09,131.55,Transport Budget,Monthly transport spending,monthly
eecc452e-5dd8-493a-96e4-5bba008f3a56,86716dc1-061e-4879-bd5b-ab4701d22dc6,51efabd6-edc4-48c6-8e69-a4d2cc58ca34,2026-05-10,2026-06-09,204.45,Entertainment Budget,Monthly entertainment spending,monthly
e6b2469a-80cf-4c22-b3c3-6f5d7c9b4d4c,86716dc1-061e-4879-bd5b-ab4701d22dc6,e5844fa7-c620-4d55-a4b4-2b4d437950fb,2026-05-10,2026-06-09,227.47,Utilities Budget,Monthly utilities spending,monthly
e048f04d-db38-4a4f-88ba-43d6700683fc,86716dc1-061e-4879-bd5b-ab4701d22dc6,6dab2073-ff40-4704-8a15-0d3593de8c52,2026-06-10,2026-07-09,304.26,Food & Dining Budget,Monthly food & dining spending,monthly
036fd25c-f8fa-4419-ae69-5dca1d1fda69,86716dc1-061e-4879-bd5b-ab4701d22dc6,51efabd6-edc4-48c6-8e69-a4d2cc58ca34,2026-06-10,2026-07-09,100.54,Entertainment Budget,Monthly entertainment spending,monthly
24fca37b-c6d4-4fb7-8754-9ec113ac89b9,86716dc1-061e-4879-bd5b-ab4701d22dc6,e5844fa7-c620-4d55-a4b4-2b4d437950fb,2026-06-10,2026-07-09,208.3,Utilities Budget,Monthly utilities spending,monthly
5991a56c-bab0-4177-bf9d-133072944916,86716dc1-061e-4879-bd5b-ab4701d22dc6,26834e16-112d-49cd-bdc2-f5c8c7c1144e,2026-06-10,2026-07-09,176.55,Transport Budget,Monthly transport spending,monthly
2e2b52fd-3c50-4ead-9d1f-b5b5be9216fe,a9d199d2-4a92-4ecf-b3eb-573bbdbc8c18,6dab2073-ff40-4704-8a15-0d3593de8c52,2025-07-10,2025-08-09,272.13,Food & Dining Budget,Monthly food & dining spending,monthly
ca7d39bf-4708-46db-a92d-0edfe049302d,a9d199d2-4a92-4ecf-b3eb-573bbdbc8c18,26834e16-112d-49cd-bdc2-f5c8c7c1144e,2025-07-10,2025-08-09,131.33,Transport Budget,Monthly transport spending,monthly
2a1d0789-b142-4419-a992-aeaaf387510e,a9d199d2-4a92-4ecf-b3eb-573bbdbc8c18,e5844fa7-c620-4d55-a4b4-2b4d437950fb,2025-07-10,2025-08-09,185.78,Utilities Budget,Monthly utilities spending,monthly
f62360df-bf2e-498e-b800-e05203d5f6fa,a9d199d2-4a92-4ecf-b3eb-573bbdbc8c18,e5844fa7-c620-4d55-a4b4-2b4d437950fb,2025-08-10,2025-09-09,214.48,Utilities Budget,Monthly utilities spending,monthly
d9899482-4de9-422b-a284-3dca95d50b7e,a9d199d2-4a92-4ecf-b3eb-573bbdbc8c18,6dab2073-ff40-4704-8a15-0d3593de8c52,2025-08-10,2025-09-09,334.88,Food & Dining Budget,Monthly food & dining spending,monthly
8849fe28-859c-48a4-bc10-b402a06210f6,a9d199d2-4a92-4ecf-b3eb-573bbdbc8c18,6dab2073-ff40-4704-8a15-0d3593de8c52,2025-09-10,2025-10-09,333.1,Food & Dining Budget,Monthly food & dining spending,monthly
738f0f87-0546-47a6-b6d5-e7584c788a71,a9d199d2-4a92-4ecf-b3eb-573bbdbc8c18,51efabd6-edc4-48c6-8e69-a4d2cc58ca34,2025-09-10,2025-10-09,91.59,Entertainment Budget,Monthly entertainment spending,monthly
05108b76-93fd-4e60-ad50-646fc220bc95,a9d199d2-4a92-4ecf-b3eb-573bbdbc8c18,e5844fa7-c620-4d55-a4b4-2b4d437950fb,2025-10-10,2025-11-09,185.29,Utilities Budget,Monthly utilities spending,monthly
43fdd648-f8af-45c6-beed-84e01fdd1eaa,a9d199d2-4a92-4ecf-b3eb-573bbdbc8c18,51efabd6-edc4-48c6-8e69-a4d2cc58ca34,2025-10-10,2025-11-09,98.09,Entertainment Budget,Monthly entertainment spending,monthly
32281e33-2dfa-473f-93da-60a59b69aec2,a9d199d2-4a92-4ecf-b3eb-573bbdbc8c18,6dab2073-ff40-4704-8a15-0d3593de8c52,2025-10-10,2025-11-09,362.62,Food & Dining Budget,Monthly food & dining spending,monthly
7c3a155d-9dbc-432e-b47d-c4dd2e7bf1e4,a9d199d2-4a92-4ecf-b3eb-573bbdbc8c18,26834e16-112d-49cd-bdc2-f5c8c7c1144e,2025-10-10,2025-11-09,156.87,Transport Budget,Monthly transport spending,monthly
466e0733-2a11-4f8b-959c-188ec40df91f,a9d199d2-4a92-4ecf-b3eb-573bbdbc8c18,51efabd6-edc4-48c6-8e69-a4d2cc58ca34,2025-11-10,2025-12-09,153.02,Entertainment Budget,Monthly entertainment spending,monthly
9941639f-c6d7-41d9-9b79-ddf22e9d5828,a9d199d2-4a92-4ecf-b3eb-573bbdbc8c18,6dab2073-ff40-4704-8a15-0d3593de8c52,2025-11-10,2025-12-09,348.81,Food & Dining Budget,Monthly food & dining spending,monthly
922bd2bd-fabd-4d10-9934-6a2f302eeb42,a9d199d2-4a92-4ecf-b3eb-573bbdbc8c18,e5844fa7-c620-4d55-a4b4-2b4d437950fb,2025-12-10,2026-01-09,252.22,Utilities Budget,Monthly utilities spending,monthly
845c1b1c-8175-458b-8572-a8a52dfdac9f,a9d199d2-4a92-4ecf-b3eb-573bbdbc8c18,6dab2073-ff40-4704-8a15-0d3593de8c52,2025-12-10,2026-01-09,301.26,Food & Dining Budget,Monthly food & dining spending,monthly
72b08034-5f49-4bfe-b5dc-d8badc32d104,a9d199d2-4a92-4ecf-b3eb-573bbdbc8c18,51efabd6-edc4-48c6-8e69-a4d2cc58ca34,2026-01-10,2026-02-09,132.97,Entertainment Budget,Monthly entertainment spending,monthly
c00211ea-28ba-4d7f-b3e4-914cb9d36315,a9d199d2-4a92-4ecf-b3eb-573bbdbc8c18,e5844fa7-c620-4d55-a4b4-2b4d437950fb,2026-01-10,2026-02-09,194.79,Utilities Budget,Monthly utilities spending,monthly
a46529ea-7e8c-4189-a181-bd6f5288321d,a9d199d2-4a92-4ecf-b3eb-573bbdbc8c18,6dab2073-ff40-4704-8a15-0d3593de8c52,2026-01-10,2026-02-09,305.82,Food & Dining Budget,Monthly food & dining spending,monthly
8d2b9419-d591-496a-b865-d7e4e0bd7681,a9d199d2-4a92-4ecf-b3eb-573bbdbc8c18,51efabd6-edc4-48c6-8e69-a4d2cc58ca34,2026-02-10,2026-03-09,143.81,Entertainment Budget,Monthly entertainment spending,monthly
0821528e-6278-4deb-b5a4-2cb7c25921f0,a9d199d2-4a92-4ecf-b3eb-573bbdbc8c18,6dab2073-ff40-4704-8a15-0d3593de8c52,2026-02-10,2026-03-09,239.64,Food & Dining Budget,Monthly food & dining spending,monthly
39d889c7-d19f-4300-a198-2d65c1e311f8,a9d199d2-4a92-4ecf-b3eb-573bbdbc8c18,26834e16-112d-49cd-bdc2-f5c8c7c1144e,2026-02-10,2026-03-09,113.57,Transport Budget,Monthly transport spending,monthly
696a75e0-60d4-43e5-9fdd-daa1f34f224a,a9d199d2-4a92-4ecf-b3eb-573bbdbc8c18,e5844fa7-c620-4d55-a4b4-2b4d437950fb,2026-02-10,2026-03-09,246.32,Utilities Budget,Monthly utilities spending,monthly
70911e1a-7f4d-49b0-ac09-c676b28a67ca,a9d199d2-4a92-4ecf-b3eb-573bbdbc8c18,51efabd6-edc4-48c6-8e69-a4d2cc58ca34,2026-03-10,2026-04-09,151.67,Entertainment Budget,Monthly entertainment spending,monthly
73fb257a-2149-4b7a-9d00-aa0f920cf029,a9d199d2-4a92-4ecf-b3eb-573bbdbc8c18,6dab2073-ff40-4704-8a15-0d3593de8c52,2026-03-10,2026-04-09,299.27,Food & Dining Budget,Monthly food & dining spending,monthly
7c2edc11-34b9-41c1-9049-2392f3689e93,a9d199d2-4a92-4ecf-b3eb-573bbdbc8c18,26834e16-112d-49cd-bdc2-f5c8c7c1144e,2026-03-10,2026-04-09,123.08,Transport Budget,Monthly transport spending,monthly
01fef6f8-f261-4fcb-a893-f2ea0d2f07de,a9d199d2-4a92-4ecf-b3eb-573bbdbc8c18,e5844fa7-c620-4d55-a4b4-2b4d437950fb,2026-03-10,2026-04-09,203.03,Utilities Budget,Monthly utilities spending,monthly
e4e7c9e3-989e-41f1-aa22-36ff1c08e2aa,a9d199d2-4a92-4ecf-b3eb-573bbdbc8c18,51efabd6-edc4-48c6-8e69-a4d2cc58ca34,2026-04-10,2026-05-09,92.91,Entertainment Budget,Monthly entertainment spending,monthly
5ad9cc73-e627-4b1e-9010-a91ad2bffb9c,a9d199d2-4a92-4ecf-b3eb-573bbdbc8c18,26834e16-112d-49cd-bdc2-f5c8c7c1144e,2026-04-10,2026-05-09,125.24,Transport Budget,Monthly transport spending,monthly
9f4862e2-6cad-4112-bc23-86037851876a,a9d199d2-4a92-4ecf-b3eb-573bbdbc8c18,26834e16-112d-49cd-bdc2-f5c8c7c1144e,2026-05-10,2026-06-09,140.36,Transport Budget,Monthly transport spending,monthly
775a22d5-caef-4d29-8c0c-b9fd4da5d6e2,a9d199d2-4a92-4ecf-b3eb-573bbdbc8c18,6dab2073-ff40-4704-8a15-0d3593de8c52,2026-05-10,2026-06-09,303.33,Food & Dining Budget,Monthly food & dining spending,monthly
d80ec66d-06df-4e4b-963c-0061325c2320,a9d199d2-4a92-4ecf-b3eb-573bbdbc8c18,6dab2073-ff40-4704-8a15-0d3593de8c52,2026-06-10,2026-07-09,303.61,Food & Dining Budget,Monthly food & dining spending,monthly
e235bc9b-c5d7-4684-b1d3-a57d25a6a118,a9d199d2-4a92-4ecf-b3eb-573bbdbc8c18,e5844fa7-c620-4d55-a4b4-2b4d437950fb,2026-06-10,2026-07-09,222.36,Utilities Budget,Monthly utilities spending,monthly
01992107-0934-478e-9c2d-6a9491c5b5f6,a9d199d2-4a92-4ecf-b3eb-573bbdbc8c18,51efabd6-edc4-48c6-8e69-a4d2cc58ca34,2026-06-10,2026-07-09,154.9,Entertainment Budget,Monthly entertainment spending,monthly
98c1d8d8-84c9-4f98-b738-26eed987647e,bbeb7d1c-4820-481a-84b6-302371fb9a50,6dab2073-ff40-4704-8a15-0d3593de8c52,2025-07-10,2025-08-09,369.26,Food & Dining Budget,Monthly food & dining spending,monthly
9a12b39c-bbcc-41a0-b2fb-3c3874e60dfa,bbeb7d1c-4820-481a-84b6-302371fb9a50,51efabd6-edc4-48c6-8e69-a4d2cc58ca34,2025-07-10,2025-08-09,100.9,Entertainment Budget,Monthly entertainment spending,monthly
36c0d894-4bab-4409-9d6d-3f7d1f9fc7ef,bbeb7d1c-4820-481a-84b6-302371fb9a50,51efabd6-edc4-48c6-8e69-a4d2cc58ca34,2025-08-10,2025-09-09,93.43,Entertainment Budget,Monthly entertainment spending,monthly
167b2985-3f42-4e21-aff5-b0448395dc86,bbeb7d1c-4820-481a-84b6-302371fb9a50,e5844fa7-c620-4d55-a4b4-2b4d437950fb,2025-08-10,2025-09-09,254.4,Utilities Budget,Monthly utilities spending,monthly
ce092a55-f702-475a-808c-e8df101a7132,bbeb7d1c-4820-481a-84b6-302371fb9a50,26834e16-112d-49cd-bdc2-f5c8c7c1144e,2025-08-10,2025-09-09,88.89,Transport Budget,Monthly transport spending,monthly
ef117b9f-bab1-4dde-bc2a-7c4824e5c8d3,bbeb7d1c-4820-481a-84b6-302371fb9a50,6dab2073-ff40-4704-8a15-0d3593de8c52,2025-08-10,2025-09-09,394.2,Food & Dining Budget,Monthly food & dining spending,monthly
e218e365-3f6b-4d1f-9ff3-7ea97b82a6dc,bbeb7d1c-4820-481a-84b6-302371fb9a50,26834e16-112d-49cd-bdc2-f5c8c7c1144e,2025-09-10,2025-10-09,140.93,Transport Budget,Monthly transport spending,monthly
fb8f0bf5-74cb-48bd-b21b-821d71dd5dfa,bbeb7d1c-4820-481a-84b6-302371fb9a50,51efabd6-edc4-48c6-8e69-a4d2cc58ca34,2025-09-10,2025-10-09,119.82,Entertainment Budget,Monthly entertainment spending,monthly
fa610c69-564d-4443-88eb-b3dec37da510,bbeb7d1c-4820-481a-84b6-302371fb9a50,e5844fa7-c620-4d55-a4b4-2b4d437950fb,2025-09-10,2025-10-09,172.71,Utilities Budget,Monthly utilities spending,monthly
9e628d04-e24c-4c51-8e26-6940e6a4a54e,bbeb7d1c-4820-481a-84b6-302371fb9a50,51efabd6-edc4-48c6-8e69-a4d2cc58ca34,2025-10-10,2025-11-09,118.07,Entertainment Budget,Monthly entertainment spending,monthly
749d99a0-8def-4cf7-ad8a-60294afb5495,bbeb7d1c-4820-481a-84b6-302371fb9a50,e5844fa7-c620-4d55-a4b4-2b4d437950fb,2025-10-10,2025-11-09,220.77,Utilities Budget,Monthly utilities spending,monthly
f4363e47-265e-4915-99bd-16bd5f8fbf6c,bbeb7d1c-4820-481a-84b6-302371fb9a50,e5844fa7-c620-4d55-a4b4-2b4d437950fb,2025-11-10,2025-12-09,261.31,Utilities Budget,Monthly utilities spending,monthly
45248aa2-a380-403a-8263-18d59eba3632,bbeb7d1c-4820-481a-84b6-302371fb9a50,51efabd6-edc4-48c6-8e69-a4d2cc58ca34,2025-11-10,2025-12-09,147.61,Entertainment Budget,Monthly entertainment spending,monthly
41ac2da5-3529-4406-8ac3-6e6706768d88,bbeb7d1c-4820-481a-84b6-302371fb9a50,6dab2073-ff40-4704-8a15-0d3593de8c52,2025-11-10,2025-12-09,275.93,Food & Dining Budget,Monthly food & dining spending,monthly
c85c4a63-b57c-4403-92b1-23de29bc47c3,bbeb7d1c-4820-481a-84b6-302371fb9a50,e5844fa7-c620-4d55-a4b4-2b4d437950fb,2025-12-10,2026-01-09,208.96,Utilities Budget,Monthly utilities spending,monthly
65d4fdab-9766-48c9-b4a3-cfd03fce4ecf,bbeb7d1c-4820-481a-84b6-302371fb9a50,6dab2073-ff40-4704-8a15-0d3593de8c52,2025-12-10,2026-01-09,300.76,Food & Dining Budget,Monthly food & dining spending,monthly
70d31ee2-526b-40da-bd63-a57c8000c57c,bbeb7d1c-4820-481a-84b6-302371fb9a50,51efabd6-edc4-48c6-8e69-a4d2cc58ca34,2025-12-10,2026-01-09,123.91,Entertainment Budget,Monthly entertainment spending,monthly
5caa5bf3-c97e-49d0-a9e8-8ea1b037d682,bbeb7d1c-4820-481a-84b6-302371fb9a50,e5844fa7-c620-4d55-a4b4-2b4d437950fb,2026-01-10,2026-02-09,169.08,Utilities Budget,Monthly utilities spending,monthly
797d66cd-2f46-42d1-b775-e63299e0d372,bbeb7d1c-4820-481a-84b6-302371fb9a50,26834e16-112d-49cd-bdc2-f5c8c7c1144e,2026-01-10,2026-02-09,128.95,Transport Budget,Monthly transport spending,monthly
2731209b-e1a8-4f1f-8f96-37858246006f,bbeb7d1c-4820-481a-84b6-302371fb9a50,e5844fa7-c620-4d55-a4b4-2b4d437950fb,2026-02-10,2026-03-09,161.32,Utilities Budget,Monthly utilities spending,monthly
b31e2d1b-318e-4267-abac-f5220b4ee13d,bbeb7d1c-4820-481a-84b6-302371fb9a50,6dab2073-ff40-4704-8a15-0d3593de8c52,2026-02-10,2026-03-09,386.21,Food & Dining Budget,Monthly food & dining spending,monthly
8dcd5433-3ca8-402e-b5e8-ee271fa5af3e,bbeb7d1c-4820-481a-84b6-302371fb9a50,26834e16-112d-49cd-bdc2-f5c8c7c1144e,2026-03-10,2026-04-09,128.95,Transport Budget,Monthly transport spending,monthly
51867d82-dace-4da4-b952-154d0abc1cd9,bbeb7d1c-4820-481a-84b6-302371fb9a50,6dab2073-ff40-4704-8a15-0d3593de8c52,2026-03-10,2026-04-09,291.4,Food & Dining Budget,Monthly food & dining spending,monthly
7cbf4657-8b49-4f82-9baf-ec01f483f464,bbeb7d1c-4820-481a-84b6-302371fb9a50,51efabd6-edc4-48c6-8e69-a4d2cc58ca34,2026-03-10,2026-04-09,95.98,Entertainment Budget,Monthly entertainment spending,monthly
64802cf3-1177-4bd3-b666-fbdc57872dec,bbeb7d1c-4820-481a-84b6-302371fb9a50,e5844fa7-c620-4d55-a4b4-2b4d437950fb,2026-03-10,2026-04-09,187.67,Utilities Budget,Monthly utilities spending,monthly
338fce3b-9335-4a39-a74b-dac69b4c7961,bbeb7d1c-4820-481a-84b6-302371fb9a50,26834e16-112d-49cd-bdc2-f5c8c7c1144e,2026-04-10,2026-05-09,127.88,Transport Budget,Monthly transport spending,monthly
2212e6d0-4f84-4b54-83ee-4e58e7d56067,bbeb7d1c-4820-481a-84b6-302371fb9a50,6dab2073-ff40-4704-8a15-0d3593de8c52,2026-04-10,2026-05-09,361.96,Food & Dining Budget,Monthly food & dining spending,monthly
56463126-adad-4eff-b189-858f86bb315a,bbeb7d1c-4820-481a-84b6-302371fb9a50,51efabd6-edc4-48c6-8e69-a4d2cc58ca34,2026-04-10,2026-05-09,47.59,Entertainment Budget,Monthly entertainment spending,monthly
71055774-1f38-4f19-b3e7-834c4f34a3eb,bbeb7d1c-4820-481a-84b6-302371fb9a50,e5844fa7-c620-4d55-a4b4-2b4d437950fb,2026-05-10,2026-06-09,269.11,Utilities Budget,Monthly utilities spending,monthly
934a5d29-d749-4480-9d4e-82d407f6c02e,bbeb7d1c-4820-481a-84b6-302371fb9a50,51efabd6-edc4-48c6-8e69-a4d2cc58ca34,2026-05-10,2026-06-09,60.3,Entertainment Budget,Monthly entertainment spending,monthly
cbc6da11-ab72-41b4-a0b9-6a4321509a5a,bbeb7d1c-4820-481a-84b6-302371fb9a50,6dab2073-ff40-4704-8a15-0d3593de8c52,2026-06-10,2026-07-09,344.52,Food & Dining Budget,Monthly food & dining spending,monthly
637b04f2-f0b9-4c27-86bd-091d6f65b70b,bbeb7d1c-4820-481a-84b6-302371fb9a50,e5844fa7-c620-4d55-a4b4-2b4d437950fb,2026-06-10,2026-07-09,259.07,Utilities Budget,Monthly utilities spending,monthly
